time,leaf1 input packet rate,leaf1 output packet rate,leaf2 input packet rate,leaf2 output packet rate,leaf3 input packet rate,leaf3 output packet rate,leaf4 input packet rate,leaf4 output packet rate,leaf5 input packet rate,leaf5 output packet rate,leaf6 input packet rate,leaf6 output packet rate,leaf7 input packet rate,leaf7 output packet rate,leaf8 input packet rate,leaf8 output packet rate,spine1 input packet rate,spine1 output packet rate,spine2 input packet rate,spine2 output packet rate,spine3 input packet rate,spine3 output packet rate,spine4 input packet rate,spine4 output packet rate
1.50187E+18,0,0,,,,,,,,,,,,,,,,,,,,,,
1.50187E+18,9,13,,,,,,,,,,,,,,,,,,,,,,
1.50187E+18,4026462,3060036,,,,,,,,,,,,,,,,,,,,,,
1.50187E+18,3468433,3923590,,,,,,,,,,,,,,,,,,,,,,
1.50187E+18,0,0,,,,,,,,,,,,,,,,,,,,,,
1.50187E+18,0,0,,,,,,,,,,,,,,,,,,,,,,
1.50187E+18,649000,1071073,,,,,,,,,,,,,,,,,,,,,,
1.50187E+18,626298,1005622,,,,,,,,,,,,,,,,,,,,,,
1.50187E+18,1254906,875464,,,,,,,,,,,,,,,,,,,,,,
1.50187E+18,931866,1102091,,,,,,,,,,,,,,,,,,,,,,
1.50187E+18,586800,1033270,,,,,,,,,,,,,,,,,,,,,,
1.50187E+18,280699,726241,,,,,,,,,,,,,,,,,,,,,,
1.50187E+18,1390249,737653,,,,,,,,,,,,,,,,,,,,,,
1.50187E+18,614620,1548403,,,,,,,,,,,,,,,,,,,,,,
1.50187E+18,913245,1190205,,,,,,,,,,,,,,,,,,,,,,
1.50187E+18,1076910,970380,,,,,,,,,,,,,,,,,,,,,,
1.50187E+18,1248946,951285,,,,,,,,,,,,,,,,,,,,,,
1.50187E+18,1361774,766086,,,,,,,,,,,,,,,,,,,,,,
1.50187E+18,788680,1058294,,,,,,,,,,,,,,,,,,,,,,
1.50187E+18,857901,956656,,,,,,,,,,,,,,,,,,,,,,
1.50187E+18,1372208,1012630,,,,,,,,,,,,,,,,,,,,,,
1.50187E+18,1073146,880989,,,,,,,,,,,,,,,,,,,,,,
1.50187E+18,0,0,,,,,,,,,,,,,,,,,,,,,,
1.50187E+18,0,0,,,,,,,,,,,,,,,,,,,,,,
1.50187E+18,0,0,,,,,,,,,,,,,,,,,,,,,,
1.50187E+18,0,0,,,,,,,,,,,,,,,,,,,,,,
1.50187E+18,0,0,,,,,,,,,,,,,,,,,,,,,,
1.50187E+18,0,0,,,,,,,,,,,,,,,,,,,,,,
1.50187E+18,0,0,,,,,,,,,,,,,,,,,,,,,,
1.50187E+18,0,0,,,,,,,,,,,,,,,,,,,,,,
1.50187E+18,0,0,,,,,,,,,,,,,,,,,,,,,,
1.50187E+18,0,0,,,,,,,,,,,,,,,,,,,,,,
1.50187E+18,8392028,8043289,,,,,,,,,,,,,,,,,,,,,,
1.50187E+18,0,0,,,,,,,,,,,,,,,,,,,,,,
1.50187E+18,,,,,,,,,,,,,,,0,0,,,,,,,,
1.50187E+18,,,,,,,,,,,,,,,6,4,,,,,,,,
1.50187E+18,,,,,,,,,,,,,,,0,0,,,,,,,,
1.50187E+18,,,,,,,,,,,,,,,0,0,,,,,,,,
1.50187E+18,,,,,,,,,,,,,,,0,0,,,,,,,,
1.50187E+18,,,,,,,,,,,,,,,0,0,,,,,,,,
1.50187E+18,,,,,,,,,,,,,,,1102340,1108900,,,,,,,,
1.50187E+18,,,,,,,,,,,,,,,1753268,1125612,,,,,,,,
1.50187E+18,,,,,,,,,,,,,,,1648816,977820,,,,,,,,
1.50187E+18,,,,,,,,,,,,,,,1564984,668188,,,,,,,,
1.50187E+18,,,,,,,,,,,,,,,878423,578245,,,,,,,,
1.50187E+18,,,,,,,,,,,,,,,517441,710520,,,,,,,,
1.50187E+18,,,,,,,,,,,,,,,816772,1185712,,,,,,,,
1.50187E+18,,,,,,,,,,,,,,,865379,1189548,,,,,,,,
1.50187E+18,,,,,,,,,,,,,,,737085,838773,,,,,,,,
1.50187E+18,,,,,,,,,,,,,,,1224683,581059,,,,,,,,
1.50187E+18,,,,,,,,,,,,,,,439716,1032135,,,,,,,,
1.50187E+18,,,,,,,,,,,,,,,1044827,728116,,,,,,,,
1.50187E+18,,,,,,,,,,,,,,,1080761,1529538,,,,,,,,
1.50187E+18,,,,,,,,,,,,,,,671337,1041564,,,,,,,,
1.50187E+18,,,,,,,,,,,,,,,788768,589654,,,,,,,,
1.50187E+18,,,,,,,,,,,,,,,735865,439193,,,,,,,,
1.50187E+18,,,,,,,,,,,,,,,0,0,,,,,,,,
1.50187E+18,,,,,,,,,,,,,,,0,0,,,,,,,,
1.50187E+18,,,,,,,,,,,,,,,0,0,,,,,,,,
1.50187E+18,,,,,,,,,,,,,,,0,0,,,,,,,,
1.50187E+18,,,,,,,,,,,,,,,0,0,,,,,,,,
1.50187E+18,,,,,,,,,,,,,,,0,0,,,,,,,,
1.50187E+18,,,,,,,,,,,,,,,347,2786,,,,,,,,
1.50187E+18,,,,,,,,,,,,,,,0,0,,,,,,,,
1.50187E+18,,,,,,,,,,,,,,,0,0,,,,,,,,
1.50187E+18,,,,,,,,,,,,,,,0,0,,,,,,,,
1.50187E+18,,,,,,,,,,,,,,,6548607,8155130,,,,,,,,
1.50187E+18,,,,,,,,,,,,,,,7775588,7713081,,,,,,,,
1.50187E+18,,,,,,,,,,,,,,,,,,,0,0,,,,
1.50187E+18,,,,,,,,,,,,,,,,,,,7,5,,,,
1.50187E+18,,,,,,,,,,,,,,,,,,,1029859,589487,,,,
1.50187E+18,,,,,,,,,,,,,,,,,,,723272,283088,,,,
1.50187E+18,,,,,,,,,,,,,,,,,,,743721,1392390,,,,
1.50187E+18,,,,,,,,,,,,,,,,,,,1550303,613526,,,,
1.50187E+18,,,,,,,,,,,,,,,,,,,957805,768950,,,,
1.50187E+18,,,,,,,,,,,,,,,,,,,1272966,1056186,,,,
1.50187E+18,,,,,,,,,,,,,,,,,,,841468,1125372,,,,
1.50187E+18,,,,,,,,,,,,,,,,,,,1349205,972568,,,,
1.50187E+18,,,,,,,,,,,,,,,,,,,0,921641,,,,
1.50187E+18,,,,,,,,,,,,,,,,,,,0,1067838,,,,
1.50187E+18,,,,,,,,,,,,,,,,,,,0,892368,,,,
1.50187E+18,,,,,,,,,,,,,,,,,,,0,830895,,,,
1.50187E+18,,,,,,,,,,,,,,,,,,,693119,1061849,,,,
1.50187E+18,,,,,,,,,,,,,,,,,,,1018639,1367327,,,,
1.50187E+18,,,,,,,,,,,,,,,,,,,878296,827999,,,,
1.50187E+18,,,,,,,,,,,,,,,,,,,927947,965638,,,,
1.50187E+18,,,,,,,,,,,,,,,,,,,810091,533033,,,,
1.50187E+18,,,,,,,,,,,,,,,,,,,778934,787895,,,,
1.50187E+18,,,,,,,,,,,,,,,,,,,1126993,717966,,,,
1.50187E+18,,,,,,,,,,,,,,,,,,,719715,686608,,,,
1.50187E+18,,,,,,,,,,,,,,,,,,,1251235,518509,,,,
1.50187E+18,,,,,,,,,,,,,,,,,,,762848,848896,,,,
1.50187E+18,,,,,,,,,,,,,,,,,,,1275663,635327,,,,
1.50187E+18,,,,,,,,,,,,,,,,,,,1061205,672471,,,,
1.50187E+18,,,,,,,,,,,,,,,,,,,906474,1172170,,,,
1.50187E+18,,,,,,,,,,,,,,,,,,,769764,793288,,,,
1.50187E+18,,,,,,,,,,,,,,,,,,,616567,597471,,,,
1.50187E+18,,,,,,,,,,,,,,,,,,,992486,944494,,,,
1.50187E+18,,,,,,,,,,,,,,,,,,,578466,879074,,,,
1.50187E+18,,,,,,,,,,,,,,,,,,,710555,516827,,,,
1.50187E+18,,,,,,,,,,,,,,,,,,,1184523,815571,,,,
1.50187E+18,,,,,,,,,,,,,,,,,,,1190644,865978,,,,
1.50187E+18,,,0,0,,,,,,,,,,,,,,,,,,,,
1.50187E+18,,,0,0,,,,,,,,,,,,,,,,,,,,
1.50187E+18,,,6,4,,,,,,,,,,,,,,,,,,,,
1.50187E+18,,,3791637,4056284,,,,,,,,,,,,,,,,,,,,
1.50187E+18,,,3854652,3372310,,,,,,,,,,,,,,,,,,,,
1.50187E+18,,,0,0,,,,,,,,,,,,,,,,,,,,
1.50187E+18,,,0,0,,,,,,,,,,,,,,,,,,,,
1.50187E+18,,,840142,673825,,,,,,,,,,,,,,,,,,,,
1.50187E+18,,,1061604,866032,,,,,,,,,,,,,,,,,,,,
1.50187E+18,,,1063464,1161776,,,,,,,,,,,,,,,,,,,,
1.50187E+18,,,1457611,388436,,,,,,,,,,,,,,,,,,,,
1.50187E+18,,,769397,954790,,,,,,,,,,,,,,,,,,,,
1.50187E+18,,,1056601,1271627,,,,,,,,,,,,,,,,,,,,
1.50187E+18,,,1124641,840338,,,,,,,,,,,,,,,,,,,,
1.50187E+18,,,971509,1347654,,,,,,,,,,,,,,,,,,,,
1.50187E+18,,,990711,985740,,,,,,,,,,,,,,,,,,,,
1.50187E+18,,,1168791,1457606,,,,,,,,,,,,,,,,,,,,
1.50187E+18,,,839862,1319991,,,,,,,,,,,,,,,,,,,,
1.50187E+18,,,753319,847380,,,,,,,,,,,,,,,,,,,,
1.50187E+18,,,1047770,1269982,,,,,,,,,,,,,,,,,,,,
1.50187E+18,,,849827,919842,,,,,,,,,,,,,,,,,,,,
1.50187E+18,,,625308,535647,,,,,,,,,,,,,,,,,,,,
1.50187E+18,,,992167,1167442,,,,,,,,,,,,,,,,,,,,
1.50187E+18,,,0,0,,,,,,,,,,,,,,,,,,,,
1.50187E+18,,,0,0,,,,,,,,,,,,,,,,,,,,
1.50187E+18,,,0,0,,,,,,,,,,,,,,,,,,,,
1.50187E+18,,,0,0,,,,,,,,,,,,,,,,,,,,
1.50187E+18,,,0,0,,,,,,,,,,,,,,,,,,,,
1.50187E+18,,,0,0,,,,,,,,,,,,,,,,,,,,
1.50187E+18,,,0,0,,,,,,,,,,,,,,,,,,,,
1.50187E+18,,,0,0,,,,,,,,,,,,,,,,,,,,
1.50187E+18,,,0,0,,,,,,,,,,,,,,,,,,,,
1.50187E+18,,,0,0,,,,,,,,,,,,,,,,,,,,
1.50187E+18,,,8362197,8182625,,,,,,,,,,,,,,,,,,,,
1.50187E+18,,,0,0,,,,,,,,,,,,,,,,,,,,
1.50187E+18,,,,,,,0,0,,,,,,,,,,,,,,,,
1.50187E+18,,,,,,,6,5,,,,,,,,,,,,,,,,
1.50187E+18,,,,,,,0,0,,,,,,,,,,,,,,,,
1.50187E+18,,,,,,,4362437,6536629,,,,,,,,,,,,,,,,
1.50187E+18,,,,,,,0,0,,,,,,,,,,,,,,,,
1.50187E+18,,,,,,,0,0,,,,,,,,,,,,,,,,
1.50187E+18,,,,,,,915790,765848,,,,,,,,,,,,,,,,
1.50187E+18,,,,,,,712712,919986,,,,,,,,,,,,,,,,
1.50187E+18,,,,,,,622064,1014319,,,,,,,,,,,,,,,,
1.50187E+18,,,,,,,825705,748424,,,,,,,,,,,,,,,,
1.50187E+18,,,,,,,1061263,693043,,,,,,,,,,,,,,,,
1.50187E+18,,,,,,,1357823,1017706,,,,,,,,,,,,,,,,
1.50187E+18,,,,,,,825469,879127,,,,,,,,,,,,,,,,
1.50187E+18,,,,,,,967976,928215,,,,,,,,,,,,,,,,
1.50187E+18,,,,,,,1294916,555108,,,,,,,,,,,,,,,,
1.50187E+18,,,,,,,589226,792759,,,,,,,,,,,,,,,,
1.50187E+18,,,,,,,1180779,1113999,,,,,,,,,,,,,,,,
1.50187E+18,,,,,,,817389,691243,,,,,,,,,,,,,,,,
1.50187E+18,,,,,,,0,0,,,,,,,,,,,,,,,,
1.50187E+18,,,,,,,1347131,909584,,,,,,,,,,,,,,,,
1.50187E+18,,,,,,,1084655,1078580,,,,,,,,,,,,,,,,
1.50187E+18,,,,,,,523677,586206,,,,,,,,,,,,,,,,
1.50187E+18,,,,,,,0,0,,,,,,,,,,,,,,,,
1.50187E+18,,,,,,,0,0,,,,,,,,,,,,,,,,
1.50187E+18,,,,,,,0,0,,,,,,,,,,,,,,,,
1.50187E+18,,,,,,,0,0,,,,,,,,,,,,,,,,
1.50187E+18,,,,,,,0,0,,,,,,,,,,,,,,,,
1.50187E+18,,,,,,,0,0,,,,,,,,,,,,,,,,
1.50187E+18,,,,,,,1,1351,,,,,,,,,,,,,,,,
1.50187E+18,,,,,,,1,1,,,,,,,,,,,,,,,,
1.50187E+18,,,,,,,0,0,,,,,,,,,,,,,,,,
1.50187E+18,,,,,,,0,0,,,,,,,,,,,,,,,,
1.50187E+18,,,,,,,8328788,7588075,,,,,,,,,,,,,,,,
1.50187E+18,,,,,,,0,0,,,,,,,,,,,,,,,,
1.50187E+18,,,,,,,,,,,,,,,,,,,,,0,0,,
1.50187E+18,,,,,,,,,,,,,,,,,,,,,6,5,,
1.50187E+18,,,,,,,,,,,,,,,,,,,,,1195285,913015,,
1.50187E+18,,,,,,,,,,,,,,,,,,,,,965583,1075654,,
1.50187E+18,,,,,,,,,,,,,,,,,,,,,947718,1252449,,
1.50187E+18,,,,,,,,,,,,,,,,,,,,,767999,1368095,,
1.50187E+18,,,,,,,,,,,,,,,,,,,,,985208,990626,,
1.50187E+18,,,,,,,,,,,,,,,,,,,,,1457736,1168160,,
1.50187E+18,,,,,,,,,,,,,,,,,,,,,1317798,839244,,
1.50187E+18,,,,,,,,,,,,,,,,,,,,,848345,752680,,
1.50187E+18,,,,,,,,,,,,,,,,,,,,,1,881156,,
1.50187E+18,,,,,,,,,,,,,,,,,,,,,1,1069275,,
1.50187E+18,,,,,,,,,,,,,,,,,,,,,1,922124,,
1.50187E+18,,,,,,,,,,,,,,,,,,,,,1,1088688,,
1.50187E+18,,,,,,,,,,,,,,,,,,,,,555336,1295756,,
1.50187E+18,,,,,,,,,,,,,,,,,,,,,790232,589570,,
1.50187E+18,,,,,,,,,,,,,,,,,,,,,1114324,1181922,,
1.50187E+18,,,,,,,,,,,,,,,,,,,,,691023,818061,,
1.50187E+18,,,,,,,,,,,,,,,,,,,,,1313729,860244,,
1.50187E+18,,,,,,,,,,,,,,,,,,,,,1249876,721713,,
1.50187E+18,,,,,,,,,,,,,,,,,,,,,1225487,792478,,
1.50187E+18,,,,,,,,,,,,,,,,,,,,,1181594,458120,,
1.50187E+18,,,,,,,,,,,,,,,,,,,,,1136348,669573,,
1.50187E+18,,,,,,,,,,,,,,,,,,,,,938175,655401,,
1.50187E+18,,,,,,,,,,,,,,,,,,,,,842462,772131,,
1.50187E+18,,,,,,,,,,,,,,,,,,,,,1118597,829963,,
1.50187E+18,,,,,,,,,,,,,,,,,,,,,791480,633538,,
1.50187E+18,,,,,,,,,,,,,,,,,,,,,758803,586107,,
1.50187E+18,,,,,,,,,,,,,,,,,,,,,1214299,667961,,
1.50187E+18,,,,,,,,,,,,,,,,,,,,,1261506,548092,,
1.50187E+18,,,,,,,,,,,,,,,,,,,,,837938,734295,,
1.50187E+18,,,,,,,,,,,,,,,,,,,,,579176,1226879,,
1.50187E+18,,,,,,,,,,,,,,,,,,,,,1028480,438048,,
1.50187E+18,,,,,,,,,,,,,,,,,,,,,731561,1044928,,
1.50187E+18,,,,,,,,,,,,,,,,,,,,,,,0,0
1.50187E+18,,,,,,,,,,,,,,,,,,,,,,,7,5
1.50187E+18,,,,,,,,,,,,,,,,,,,,,,,1061343,790702
1.50187E+18,,,,,,,,,,,,,,,,,,,,,,,953513,858586
1.50187E+18,,,,,,,,,,,,,,,,,,,,,,,1005247,1367402
1.50187E+18,,,,,,,,,,,,,,,,,,,,,,,883823,1074239
1.50187E+18,,,,,,,,,,,,,,,,,,,,,,,1271657,1049875
1.50187E+18,,,,,,,,,,,,,,,,,,,,,,,917303,853475
1.50187E+18,,,,,,,,,,,,,,,,,,,,,,,536849,626405
1.50187E+18,,,,,,,,,,,,,,,,,,,,,,,1169087,990826
1.50187E+18,,,,,,,,,,,,,,,,,,,,,,,1,1017819
1.50187E+18,,,,,,,,,,,,,,,,,,,,,,,0,1104239
1.50187E+18,,,,,,,,,,,,,,,,,,,,,,,0,1020863
1.50187E+18,,,,,,,,,,,,,,,,,,,,,,,0,1128141
1.50187E+18,,,,,,,,,,,,,,,,,,,,,,,0,0
1.50187E+18,,,,,,,,,,,,,,,,,,,,,,,910090,1348075
1.50187E+18,,,,,,,,,,,,,,,,,,,,,,,1078153,1087137
1.50187E+18,,,,,,,,,,,,,,,,,,,,,,,586767,523256
1.50187E+18,,,,,,,,,,,,,,,,,,,,,,,755364,1030379
1.50187E+18,,,,,,,,,,,,,,,,,,,,,,,365097,904359
1.50187E+18,,,,,,,,,,,,,,,,,,,,,,,606747,443634
1.50187E+18,,,,,,,,,,,,,,,,,,,,,,,1006558,446399
1.50187E+18,,,,,,,,,,,,,,,,,,,,,,,1114220,372360
1.50187E+18,,,,,,,,,,,,,,,,,,,,,,,1012055,695698
1.50187E+18,,,,,,,,,,,,,,,,,,,,,,,1282558,458693
1.50187E+18,,,,,,,,,,,,,,,,,,,,,,,767636,563420
1.50187E+18,,,,,,,,,,,,,,,,,,,,,,,1238991,355666
1.50187E+18,,,,,,,,,,,,,,,,,,,,,,,1252350,469251
1.50187E+18,,,,,,,,,,,,,,,,,,,,,,,789132,490724
1.50187E+18,,,,,,,,,,,,,,,,,,,,,,,1042213,864198
1.50187E+18,,,,,,,,,,,,,,,,,,,,,,,1531653,1083462
1.50187E+18,,,,,,,,,,,,,,,,,,,,,,,1048435,675396
1.50187E+18,,,,,,,,,,,,,,,,,,,,,,,588646,783593
1.50187E+18,,,,,,,,,,,,,,,,,,,,,,,438472,736594
1.50187E+18,,,,,,,,,,,,,0,0,,,,,,,,,,
1.50187E+18,,,,,,,,,,,,,6,4,,,,,,,,,,
1.50187E+18,,,,,,,,,,,,,0,0,,,,,,,,,,
1.50187E+18,,,,,,,,,,,,,0,0,,,,,,,,,,
1.50187E+18,,,,,,,,,,,,,0,0,,,,,,,,,,
1.50187E+18,,,,,,,,,,,,,0,0,,,,,,,,,,
1.50187E+18,,,,,,,,,,,,,2159727,1004586,,,,,,,,,,
1.50187E+18,,,,,,,,,,,,,2450724,939425,,,,,,,,,,
1.50187E+18,,,,,,,,,,,,,2240012,992264,,,,,,,,,,
1.50187E+18,,,,,,,,,,,,,1468562,754935,,,,,,,,,,
1.50187E+18,,,,,,,,,,,,,1171342,906989,,,,,,,,,,
1.50187E+18,,,,,,,,,,,,,790179,769994,,,,,,,,,,
1.50187E+18,,,,,,,,,,,,,598009,613097,,,,,,,,,,
1.50187E+18,,,,,,,,,,,,,948800,988435,,,,,,,,,,
1.50187E+18,,,,,,,,,,,,,635299,795178,,,,,,,,,,
1.50187E+18,,,,,,,,,,,,,586173,757797,,,,,,,,,,
1.50187E+18,,,,,,,,,,,,,665464,1211946,,,,,,,,,,
1.50187E+18,,,,,,,,,,,,,548765,1265411,,,,,,,,,,
1.50187E+18,,,,,,,,,,,,,354174,1237929,,,,,,,,,,
1.50187E+18,,,,,,,,,,,,,468312,1251796,,,,,,,,,,
1.50187E+18,,,,,,,,,,,,,489997,790425,,,,,,,,,,
1.50187E+18,,,,,,,,,,,,,863872,1040573,,,,,,,,,,
1.50187E+18,,,,,,,,,,,,,,,,,0,0,,,,,,
1.50187E+18,,,,,,,,,,,,,0,0,,,,,,,,,,
1.50187E+18,,,,,,,,,,,,,,,,,6,5,,,,,,
1.50187E+18,,,,,,,,,,,,,0,0,,,,,,,,,,
1.50187E+18,,,,,,,,,,,,,,,,,1073396,647603,,,,,,
1.50187E+18,,,,,,,,,,,,,0,0,,,,,,,,,,
1.50187E+18,,,,,,,,,,,,,,,,,1006049,623826,,,,,,
1.50187E+18,,,,,,,,,,,,,0,0,,,,,,,,,,
1.50187E+18,,,,,,,,,,,,,,,,,879006,1256101,,,,,,
1.50187E+18,,,,,,,,,,,,,0,0,,,,,,,,,,
1.50187E+18,,,,,,,,,,,,,,,,,1101317,920627,,,,,,
1.50187E+18,,,,,,,,,,,,,0,0,,,,,,,,,,
1.50187E+18,,,,,,,,,,,,,,,,,672487,840782,,,,,,
1.50187E+18,,,,,,,,,,,,,0,0,,,,,,,,,,
1.50187E+18,,,,,,,,,,,,,,,,,867458,1065120,,,,,,
1.50187E+18,,,,,,,,,,,,,0,0,,,,,,,,,,
1.50187E+18,,,,,,,,,,,,,,,,,1167191,1066290,,,,,,
1.50187E+18,,,,,,,,,,,,,0,0,,,,,,,,,,
1.50187E+18,,,,,,,,,,,,,,,,,385616,1449434,,,,,,
1.50187E+18,,,,,,,,,,,,,0,0,,,,,,,,,,
1.50187E+18,,,,,,,,,,,,,,,,,7495480,702890,,,,,,
1.50187E+18,,,,,,,,,,,,,7885678,8131216,,,,,,,,,,
1.50187E+18,,,,,,,,,,,,,,,,,7098244,574253,,,,,,
1.50187E+18,,,,,,,,,,,,,7435222,8307847,,,,,,,,,,
1.50187E+18,,,,,,,,,,,,,,,,,1,1260912,,,,,,
1.50187E+18,,,,,,,,,,,,,,,,,1,1047074,,,,,,
1.50187E+18,,,,,,,,,,,,,,,,,766091,913094,,,,,,
1.50187E+18,,,,,,,,,,,,,,,,,919438,713588,,,,,,
1.50187E+18,,,,,,,,,,,,,,,,,1013962,621231,,,,,,
1.50187E+18,,,,,,,,,,,,,,,,,748277,824232,,,,,,
1.50187E+18,,,,,,,,,,,,,,,,,1009077,1962163,,,,,,
1.50187E+18,,,,,,,,,,,,,,,,,1190417,1421062,,,,,,
1.50187E+18,,,,,,,,,,,,,,,,,752477,1318577,,,,,,
1.50187E+18,,,,,,,,,,,,,,,,,941124,1375203,,,,,,
1.50187E+18,,,,,,,,,,,,,,,,,580436,1391766,,,,,,
1.50187E+18,,,,,,,,,,,,,,,,,774412,891438,,,,,,
1.50187E+18,,,,,,,,,,,,,,,,,963451,1515804,,,,,,
1.50187E+18,,,,,,,,,,,,,,,,,740262,941343,,,,,,
1.50187E+18,,,,,,,,,,,,,,,,,1006285,2158303,,,,,,
1.50187E+18,,,,,,,,,,,,,,,,,939659,2454218,,,,,,
1.50187E+18,,,,,,,,,,,,,,,,,991491,2240313,,,,,,
1.50187E+18,,,,,,,,,,,,,,,,,754840,1466667,,,,,,
1.50187E+18,,,,,,,,,,,,,,,,,1114255,1096270,,,,,,
1.50187E+18,,,,,,,,,,,,,,,,,1126143,1756155,,,,,,
1.50187E+18,,,,,,,,,,,,,,,,,973856,1641029,,,,,,
1.50187E+18,,,,,,,,,,,,,,,,,668551,1563609,,,,,,
1.50187E+18,,,,,,,,,,,0,0,,,,,,,,,,,,
1.50187E+18,,,,,,,,,,,6,7,,,,,,,,,,,,
1.50187E+18,,,,,,,,,,,0,0,,,,,,,,,,,,
1.50187E+18,,,,,,,,,,,0,0,,,,,,,,,,,,
1.50187E+18,,,,,,,,,,,0,0,,,,,,,,,,,,
1.50187E+18,,,,,,,,,,,0,0,,,,,,,,,,,,
1.50187E+18,,,,,,,,,,,1392270,576949,,,,,,,,,,,,
1.50187E+18,,,,,,,,,,,896300,777468,,,,,,,,,,,,
1.50187E+18,,,,,,,,,,,1522019,964401,,,,,,,,,,,,
1.50187E+18,,,,,,,,,,,938800,741857,,,,,,,,,,,,
1.50187E+18,,,,,,,,,,,519306,1242158,,,,,,,,,,,,
1.50187E+18,,,,,,,,,,,842808,771140,,,,,,,,,,,,
1.50187E+18,,,,,,,,,,,637576,1278444,,,,,,,,,,,,
1.50187E+18,,,,,,,,,,,666439,1059442,,,,,,,,,,,,
1.50187E+18,,,,,,,,,,,667460,1139800,,,,,,,,,,,,
1.50187E+18,,,,,,,,,,,655646,938274,,,,,,,,,,,,
1.50187E+18,,,,,,,,,,,768948,844514,,,,,,,,,,,,
1.50187E+18,,,,,,,,,,,834532,1120216,,,,,,,,,,,,
1.50187E+18,,,,,,,,,,,372699,1107515,,,,,,,,,,,,
1.50187E+18,,,,,,,,,,,698236,1010782,,,,,,,,,,,,
1.50187E+18,,,,,,,,,,,459052,1283381,,,,,,,,,,,,
1.50187E+18,,,,,,,,,0,0,,,,,,,,,,,,,,
1.50187E+18,,,,,,,,,,,563278,766704,,,,,,,,,,,,
1.50187E+18,,,,,,,,,6,4,,,,,,,,,,,,,,
1.50187E+18,,,,,,,,,,,0,0,,,,,,,,,,,,
1.50187E+18,,,,,,,,,0,0,,,,,,,,,,,,,,
1.50187E+18,,,,,,,,,,,0,0,,,,,,,,,,,,
1.50187E+18,,,,,,,,,0,0,,,,,,,,,,,,,,
1.50187E+18,,,,,,,,,,,0,0,,,,,,,,,,,,
1.50187E+18,,,,,,,,,0,0,,,,,,,,,,,,,,
1.50187E+18,,,,,,,,,,,0,0,,,,,,,,,,,,
1.50187E+18,,,,,,,,,0,0,,,,,,,,,,,,,,
1.50187E+18,,,,,,,,,,,0,0,,,,,,,,,,,,
1.50187E+18,,,,,,,,,1961452,1009084,,,,,,,,,,,,,,
1.50187E+18,,,,,,,,,,,0,0,,,,,,,,,,,,
1.50187E+18,,,,,,,,,1422499,1194063,,,,,,,,,,,,,,
1.50187E+18,,,,,,,,,,,0,0,,,,,,,,,,,,
1.50187E+18,,,,,,,,,1318366,753343,,,,,,,,,,,,,,
1.50187E+18,,,,,,,,,,,0,0,,,,,,,,,,,,
1.50187E+18,,,,,,,,,1375479,941323,,,,,,,,,,,,,,
1.50187E+18,,,,,,,,,,,0,0,,,,,,,,,,,,
1.50187E+18,,,,,,,,,535279,811044,,,,,,,,,,,,,,
1.50187E+18,,,,,,,,,,,0,0,,,,,,,,,,,,
1.50187E+18,,,,,,,,,785549,776154,,,,,,,,,,,,,,
1.50187E+18,,,,,,,,,,,7881438,6343166,,,,,,,,,,,,
1.50187E+18,,,,,,,,,716234,1119692,,,,,,,,,,,,,,
1.50187E+18,,,,,,,,,,,7745233,6096597,,,,,,,,,,,,
1.50187E+18,,,,,,,,,688921,719397,,,,,,,,,,,,,,
1.50187E+18,,,,,,,,,863991,1318395,,,,,,,,,,,,,,
1.50187E+18,,,,,,,,,723572,1245973,,,,,,,,,,,,,,
1.50187E+18,,,,,,,,,793755,1225151,,,,,,,,,,,,,,
1.50187E+18,,,,,,,,,462826,1182319,,,,,,,,,,,,,,
1.50187E+18,,,,,,,,,1028305,753430,,,,,,,,,,,,,,
1.50187E+18,,,,,,,,,905603,364850,,,,,,,,,,,,,,
1.50187E+18,,,,,,,,,443205,609690,,,,,,,,,,,,,,
1.50187E+18,,,,,,,,,444482,1007217,,,,,,,,,,,,,,
1.50187E+18,,,,,,,,,0,0,,,,,,,,,,,,,,
1.50187E+18,,,,,,,,,0,0,,,,,,,,,,,,,,
1.50187E+18,,,,,,,,,0,0,,,,,,,,,,,,,,
1.50187E+18,,,,,,,,,0,0,,,,,,,,,,,,,,
1.50187E+18,,,,,,,,,0,0,,,,,,,,,,,,,,
1.50187E+18,,,,,,,,,0,0,,,,,,,,,,,,,,
1.50187E+18,,,,,,,,,0,0,,,,,,,,,,,,,,
1.50187E+18,,,,,,,,,0,0,,,,,,,,,,,,,,
1.50187E+18,,,,,,,,,0,0,,,,,,,,,,,,,,
1.50187E+18,,,,,,,,,0,0,,,,,,,,,,,,,,
1.50187E+18,,,,,,,,,7382506,7488249,,,,,,,,,,,,,,
1.50187E+18,,,,,,,,,7648657,6982257,,,,,,,,,,,,,,
1.50187E+18,,,,,0,0,,,,,,,,,,,,,,,,,,
1.50187E+18,,,,,6,4,,,,,,,,,,,,,,,,,,
1.50187E+18,,,,,3461235,4234448,,,,,,,,,,,,,,,,,,
1.50187E+18,,,,,2835241,3090232,,,,,,,,,,,,,,,,,,
1.50187E+18,,,,,0,0,,,,,,,,,,,,,,,,,,
1.50187E+18,,,,,0,0,,,,,,,,,,,,,,,,,,
1.50187E+18,,,,,703862,7498109,,,,,,,,,,,,,,,,,,
1.50187E+18,,,,,578478,7101857,,,,,,,,,,,,,,,,,,
1.50187E+18,,,,,1265121,1,,,,,,,,,,,,,,,,,,
1.50187E+18,,,,,1045541,1,,,,,,,,,,,,,,,,,,
1.50187E+18,,,,,921899,0,,,,,,,,,,,,,,,,,,
1.50187E+18,,,,,1070987,0,,,,,,,,,,,,,,,,,,
1.50187E+18,,,,,889969,0,,,,,,,,,,,,,,,,,,
1.50187E+18,,,,,832418,0,,,,,,,,,,,,,,,,,,
1.50187E+18,,,,,890154,1,,,,,,,,,,,,,,,,,,
1.50187E+18,,,,,1067843,1,,,,,,,,,,,,,,,,,,
1.50187E+18,,,,,921193,1,,,,,,,,,,,,,,,,,,
1.50187E+18,,,,,1081684,1,,,,,,,,,,,,,,,,,,
1.50187E+18,,,,,1017582,1,,,,,,,,,,,,,,,,,,
1.50187E+18,,,,,1097619,0,,,,,,,,,,,,,,,,,,
1.50187E+18,,,,,1019288,0,,,,,,,,,,,,,,,,,,
1.50187E+18,,,,,1132007,0,,,,,,,,,,,,,,,,,,
1.50187E+18,,,,,0,0,,,,,,,,,,,,,,,,,,
1.50187E+18,,,,,0,0,,,,,,,,,,,,,,,,,,
1.50187E+18,,,,,0,0,,,,,,,,,,,,,,,,,,
1.50187E+18,,,,,0,0,,,,,,,,,,,,,,,,,,
1.50187E+18,,,,,0,0,,,,,,,,,,,,,,,,,,
1.50187E+18,,,,,0,0,,,,,,,,,,,,,,,,,,
1.50187E+18,,,,,0,0,,,,,,,,,,,,,,,,,,
1.50187E+18,,,,,0,0,,,,,,,,,,,,,,,,,,
1.50187E+18,,,,,0,0,,,,,,,,,,,,,,,,,,
1.50187E+18,,,,,0,0,,,,,,,,,,,,,,,,,,
1.50187E+18,,,,,8303792,8208737,,,,,,,,,,,,,,,,,,
1.50187E+18,,,,,0,0,,,,,,,,,,,,,,,,,,
1.50187E+18,0,0,,,,,,,,,,,,,,,,,,,,,,
1.50187E+18,9,13,,,,,,,,,,,,,,,,,,,,,,
1.50187E+18,4017014,3050966,,,,,,,,,,,,,,,,,,,,,,
1.50187E+18,3488482,3935267,,,,,,,,,,,,,,,,,,,,,,
1.50187E+18,0,0,,,,,,,,,,,,,,,,,,,,,,
1.50187E+18,0,0,,,,,,,,,,,,,,,,,,,,,,
1.50187E+18,653145,1072128,,,,,,,,,,,,,,,,,,,,,,
1.50187E+18,621970,1005823,,,,,,,,,,,,,,,,,,,,,,
1.50187E+18,1248816,876026,,,,,,,,,,,,,,,,,,,,,,
1.50187E+18,916027,1105453,,,,,,,,,,,,,,,,,,,,,,
1.50187E+18,592024,1024338,,,,,,,,,,,,,,,,,,,,,,
1.50187E+18,285703,736073,,,,,,,,,,,,,,,,,,,,,,
1.50187E+18,1381987,748151,,,,,,,,,,,,,,,,,,,,,,
1.50187E+18,613300,1551021,,,,,,,,,,,,,,,,,,,,,,
1.50187E+18,921212,1206267,,,,,,,,,,,,,,,,,,,,,,
1.50187E+18,1079486,959463,,,,,,,,,,,,,,,,,,,,,,
1.50187E+18,1258783,936041,,,,,,,,,,,,,,,,,,,,,,
1.50187E+18,1372515,765108,,,,,,,,,,,,,,,,,,,,,,
1.50187E+18,789475,1067679,,,,,,,,,,,,,,,,,,,,,,
1.50187E+18,856996,955385,,,,,,,,,,,,,,,,,,,,,,
1.50187E+18,1363596,1015148,,,,,,,,,,,,,,,,,,,,,,
1.50187E+18,1069532,878234,,,,,,,,,,,,,,,,,,,,,,
1.50187E+18,0,0,,,,,,,,,,,,,,,,,,,,,,
1.50187E+18,0,0,,,,,,,,,,,,,,,,,,,,,,
1.50187E+18,0,0,,,,,,,,,,,,,,,,,,,,,,
1.50187E+18,0,0,,,,,,,,,,,,,,,,,,,,,,
1.50187E+18,0,0,,,,,,,,,,,,,,,,,,,,,,
1.50187E+18,0,0,,,,,,,,,,,,,,,,,,,,,,
1.50187E+18,0,0,,,,,,,,,,,,,,,,,,,,,,
1.50187E+18,0,0,,,,,,,,,,,,,,,,,,,,,,
1.50187E+18,0,0,,,,,,,,,,,,,,,,,,,,,,
1.50187E+18,0,0,,,,,,,,,,,,,,,,,,,,,,
1.50187E+18,8393150,8035253,,,,,,,,,,,,,,,,,,,,,,
1.50187E+18,0,0,,,,,,,,,,,,,,,,,,,,,,
1.50187E+18,,,,,,,,,,,,,,,0,0,,,,,,,,
1.50187E+18,,,,,,,,,,,,,,,6,4,,,,,,,,
1.50187E+18,,,,,,,,,,,,,,,0,0,,,,,,,,
1.50187E+18,,,,,,,,,,,,,,,0,0,,,,,,,,
1.50187E+18,,,,,,,,,,,,,,,0,0,,,,,,,,
1.50187E+18,,,,,,,,,,,,,,,0,0,,,,,,,,
1.50187E+18,,,,,,,,,,,,,,,1095599,1114166,,,,,,,,
1.50187E+18,,,,,,,,,,,,,,,1756172,1120228,,,,,,,,
1.50187E+18,,,,,,,,,,,,,,,1648718,977802,,,,,,,,
1.50187E+18,,,,,,,,,,,,,,,1561939,672871,,,,,,,,
1.50187E+18,,,,,,,,,,,,,,,882113,581021,,,,,,,,
1.50187E+18,,,,,,,,,,,,,,,518868,707674,,,,,,,,
1.50187E+18,,,,,,,,,,,,,,,808515,1185582,,,,,,,,
1.50187E+18,,,,,,,,,,,,,,,868220,1195016,,,,,,,,
1.50187E+18,,,,,,,,,,,,,,,736396,860427,,,,,,,,
1.50187E+18,,,,,,,,,,,,,,,1222758,577775,,,,,,,,
1.50187E+18,,,,,,,,,,,,,,,435456,1022527,,,,,,,,
1.50187E+18,,,,,,,,,,,,,,,1046574,726594,,,,,,,,
1.50187E+18,,,,,,,,,,,,,,,1082410,1527308,,,,,,,,
1.50187E+18,,,,,,,,,,,,,,,681623,1046161,,,,,,,,
1.50187E+18,,,,,,,,,,,,,,,777044,584997,,,,,,,,
1.50187E+18,,,,,,,,,,,,,,,739638,437712,,,,,,,,
1.50187E+18,,,,,,,,,,,,,,,0,0,,,,,,,,
1.50187E+18,,,,,,,,,,,,,,,0,0,,,,,,,,
1.50187E+18,,,,,,,,,,,,,,,0,0,,,,,,,,
1.50187E+18,,,,,,,,,,,,,,,0,0,,,,,,,,
1.50187E+18,,,,,,,,,,,,,,,0,0,,,,,,,,
1.50187E+18,,,,,,,,,,,,,,,0,0,,,,,,,,
1.50187E+18,,,,,,,,,,,,,,,338,2788,,,,,,,,
1.50187E+18,,,,,,,,,,,,,,,0,0,,,,,,,,
1.50187E+18,,,,,,,,,,,,,,,0,0,,,,,,,,
1.50187E+18,,,,,,,,,,,,,,,0,0,,,,,,,,
1.50187E+18,,,,,,,,,,,,,,,6537776,8149668,,,,,,,,
1.50187E+18,,,,,,,,,,,,,,,7799635,7710151,,,,,,,,
1.50187E+18,,,,,,,,,,,,,,,,,,,0,0,,,,
1.50187E+18,,,,,,,,,,,,,,,,,,,7,5,,,,
1.50187E+18,,,,,,,,,,,,,,,,,,,1026544,592538,,,,
1.50187E+18,,,,,,,,,,,,,,,,,,,729770,285499,,,,
1.50187E+18,,,,,,,,,,,,,,,,,,,744137,1382483,,,,
1.50187E+18,,,,,,,,,,,,,,,,,,,1556468,614511,,,,
1.50187E+18,,,,,,,,,,,,,,,,,,,949889,775913,,,,
1.50187E+18,,,,,,,,,,,,,,,,,,,1272340,1050152,,,,
1.50187E+18,,,,,,,,,,,,,,,,,,,837760,1119793,,,,
1.50187E+18,,,,,,,,,,,,,,,,,,,1350386,977617,,,,
1.50187E+18,,,,,,,,,,,,,,,,,,,0,921522,,,,
1.50187E+18,,,,,,,,,,,,,,,,,,,0,1075032,,,,
1.50187E+18,,,,,,,,,,,,,,,,,,,0,888628,,,,
1.50187E+18,,,,,,,,,,,,,,,,,,,0,831028,,,,
1.50187E+18,,,,,,,,,,,,,,,,,,,689294,1061224,,,,
1.50187E+18,,,,,,,,,,,,,,,,,,,1016586,1360360,,,,
1.50187E+18,,,,,,,,,,,,,,,,,,,874251,829333,,,,
1.50187E+18,,,,,,,,,,,,,,,,,,,921001,964267,,,,
1.50187E+18,,,,,,,,,,,,,,,,,,,811418,531147,,,,
1.50187E+18,,,,,,,,,,,,,,,,,,,779342,783890,,,,
1.50187E+18,,,,,,,,,,,,,,,,,,,1120551,714970,,,,
1.50187E+18,,,,,,,,,,,,,,,,,,,718560,687896,,,,
1.50187E+18,,,,,,,,,,,,,,,,,,,1237900,519793,,,,
1.50187E+18,,,,,,,,,,,,,,,,,,,772050,841825,,,,
1.50187E+18,,,,,,,,,,,,,,,,,,,1274595,636596,,,,
1.50187E+18,,,,,,,,,,,,,,,,,,,1058056,665052,,,,
1.50187E+18,,,,,,,,,,,,,,,,,,,915477,1167655,,,,
1.50187E+18,,,,,,,,,,,,,,,,,,,769925,793323,,,,
1.50187E+18,,,,,,,,,,,,,,,,,,,614090,597828,,,,
1.50187E+18,,,,,,,,,,,,,,,,,,,984917,949272,,,,
1.50187E+18,,,,,,,,,,,,,,,,,,,580943,882907,,,,
1.50187E+18,,,,,,,,,,,,,,,,,,,707505,519552,,,,
1.50187E+18,,,,,,,,,,,,,,,,,,,1187723,808361,,,,
1.50187E+18,,,,,,,,,,,,,,,,,,,1196131,867570,,,,
1.50187E+18,,,0,0,,,,,,,,,,,,,,,,,,,,
1.50187E+18,,,0,0,,,,,,,,,,,,,,,,,,,,
1.50187E+18,,,6,4,,,,,,,,,,,,,,,,,,,,
1.50187E+18,,,3774234,4092120,,,,,,,,,,,,,,,,,,,,
1.50187E+18,,,3865250,3390364,,,,,,,,,,,,,,,,,,,,
1.50187E+18,,,0,0,,,,,,,,,,,,,,,,,,,,
1.50187E+18,,,0,0,,,,,,,,,,,,,,,,,,,,
1.50187E+18,,,834843,674940,,,,,,,,,,,,,,,,,,,,
1.50187E+18,,,1061782,873893,,,,,,,,,,,,,,,,,,,,
1.50187E+18,,,1078383,1171758,,,,,,,,,,,,,,,,,,,,
1.50187E+18,,,1452187,388447,,,,,,,,,,,,,,,,,,,,
1.50187E+18,,,776545,947183,,,,,,,,,,,,,,,,,,,,
1.50187E+18,,,1045706,1279826,,,,,,,,,,,,,,,,,,,,
1.50187E+18,,,1122621,839237,,,,,,,,,,,,,,,,,,,,
1.50187E+18,,,987786,1345589,,,,,,,,,,,,,,,,,,,,
1.50187E+18,,,995222,984820,,,,,,,,,,,,,,,,,,,,
1.50187E+18,,,1170228,1442722,,,,,,,,,,,,,,,,,,,,
1.50187E+18,,,841694,1309679,,,,,,,,,,,,,,,,,,,,
1.50187E+18,,,754800,857946,,,,,,,,,,,,,,,,,,,,
1.50187E+18,,,1048490,1267744,,,,,,,,,,,,,,,,,,,,
1.50187E+18,,,851727,916954,,,,,,,,,,,,,,,,,,,,
1.50187E+18,,,624110,537033,,,,,,,,,,,,,,,,,,,,
1.50187E+18,,,1011124,1166859,,,,,,,,,,,,,,,,,,,,
1.50187E+18,,,0,0,,,,,,,,,,,,,,,,,,,,
1.50187E+18,,,0,0,,,,,,,,,,,,,,,,,,,,
1.50187E+18,,,0,0,,,,,,,,,,,,,,,,,,,,
1.50187E+18,,,0,0,,,,,,,,,,,,,,,,,,,,
1.50187E+18,,,0,0,,,,,,,,,,,,,,,,,,,,
1.50187E+18,,,0,0,,,,,,,,,,,,,,,,,,,,
1.50187E+18,,,0,0,,,,,,,,,,,,,,,,,,,,
1.50187E+18,,,0,0,,,,,,,,,,,,,,,,,,,,
1.50187E+18,,,0,0,,,,,,,,,,,,,,,,,,,,
1.50187E+18,,,0,0,,,,,,,,,,,,,,,,,,,,
1.50187E+18,,,8357917,8166179,,,,,,,,,,,,,,,,,,,,
1.50187E+18,,,0,0,,,,,,,,,,,,,,,,,,,,
1.50187E+18,,,,,,,0,0,,,,,,,,,,,,,,,,
1.50187E+18,,,,,,,6,5,,,,,,,,,,,,,,,,
1.50187E+18,,,,,,,0,0,,,,,,,,,,,,,,,,
1.50187E+18,,,,,,,4342594,6568255,,,,,,,,,,,,,,,,
1.50187E+18,,,,,,,0,0,,,,,,,,,,,,,,,,
1.50187E+18,,,,,,,0,0,,,,,,,,,,,,,,,,
1.50187E+18,,,,,,,915325,770673,,,,,,,,,,,,,,,,
1.50187E+18,,,,,,,716189,919682,,,,,,,,,,,,,,,,
1.50187E+18,,,,,,,616516,1006313,,,,,,,,,,,,,,,,
1.50187E+18,,,,,,,834081,738141,,,,,,,,,,,,,,,,
1.50187E+18,,,,,,,1058884,688496,,,,,,,,,,,,,,,,
1.50187E+18,,,,,,,1359019,1017124,,,,,,,,,,,,,,,,
1.50187E+18,,,,,,,831386,876081,,,,,,,,,,,,,,,,
1.50187E+18,,,,,,,965287,920595,,,,,,,,,,,,,,,,
1.50187E+18,,,,,,,1292482,553176,,,,,,,,,,,,,,,,
1.50187E+18,,,,,,,590521,790138,,,,,,,,,,,,,,,,
1.50187E+18,,,,,,,1189401,1121034,,,,,,,,,,,,,,,,
1.50187E+18,,,,,,,820411,694870,,,,,,,,,,,,,,,,
1.50187E+18,,,,,,,0,0,,,,,,,,,,,,,,,,
1.50187E+18,,,,,,,1357748,912246,,,,,,,,,,,,,,,,
1.50187E+18,,,,,,,1086570,1080084,,,,,,,,,,,,,,,,
1.50187E+18,,,,,,,520738,587636,,,,,,,,,,,,,,,,
1.50187E+18,,,,,,,0,0,,,,,,,,,,,,,,,,
1.50187E+18,,,,,,,0,0,,,,,,,,,,,,,,,,
1.50187E+18,,,,,,,0,0,,,,,,,,,,,,,,,,
1.50187E+18,,,,,,,0,0,,,,,,,,,,,,,,,,
1.50187E+18,,,,,,,0,0,,,,,,,,,,,,,,,,
1.50187E+18,,,,,,,0,0,,,,,,,,,,,,,,,,
1.50187E+18,,,,,,,1,1409,,,,,,,,,,,,,,,,
1.50187E+18,,,,,,,1,1,,,,,,,,,,,,,,,,
1.50187E+18,,,,,,,0,0,,,,,,,,,,,,,,,,
1.50187E+18,,,,,,,0,0,,,,,,,,,,,,,,,,
1.50187E+18,,,,,,,8333837,7585757,,,,,,,,,,,,,,,,
1.50187E+18,,,,,,,0,0,,,,,,,,,,,,,,,,
1.50187E+18,,,,,,,,,,,,,,,,,,,,,0,0,,
1.50187E+18,,,,,,,,,,,,,,,,,,,,,6,5,,
1.50187E+18,,,,,,,,,,,,,,,,,,,,,1199483,929949,,
1.50187E+18,,,,,,,,,,,,,,,,,,,,,960635,1087493,,
1.50187E+18,,,,,,,,,,,,,,,,,,,,,941087,1264415,,
1.50187E+18,,,,,,,,,,,,,,,,,,,,,759306,1375129,,
1.50187E+18,,,,,,,,,,,,,,,,,,,,,982207,996727,,
1.50187E+18,,,,,,,,,,,,,,,,,,,,,1443184,1170859,,
1.50187E+18,,,,,,,,,,,,,,,,,,,,,1311531,841934,,
1.50187E+18,,,,,,,,,,,,,,,,,,,,,856568,752849,,
1.50187E+18,,,,,,,,,,,,,,,,,,,,,1,886483,,
1.50187E+18,,,,,,,,,,,,,,,,,,,,,1,1074677,,
1.50187E+18,,,,,,,,,,,,,,,,,,,,,1,911892,,
1.50187E+18,,,,,,,,,,,,,,,,,,,,,1,1084792,,
1.50187E+18,,,,,,,,,,,,,,,,,,,,,550469,1286629,,
1.50187E+18,,,,,,,,,,,,,,,,,,,,,793876,587223,,
1.50187E+18,,,,,,,,,,,,,,,,,,,,,1110927,1182028,,
1.50187E+18,,,,,,,,,,,,,,,,,,,,,701572,818742,,
1.50187E+18,,,,,,,,,,,,,,,,,,,,,1316889,857774,,
1.50187E+18,,,,,,,,,,,,,,,,,,,,,1243150,716115,,
1.50187E+18,,,,,,,,,,,,,,,,,,,,,1228019,793825,,
1.50187E+18,,,,,,,,,,,,,,,,,,,,,1178761,463699,,
1.50187E+18,,,,,,,,,,,,,,,,,,,,,1139881,673256,,
1.50187E+18,,,,,,,,,,,,,,,,,,,,,934185,653351,,
1.50187E+18,,,,,,,,,,,,,,,,,,,,,836567,762765,,
1.50187E+18,,,,,,,,,,,,,,,,,,,,,1112442,832990,,
1.50187E+18,,,,,,,,,,,,,,,,,,,,,796989,631525,,
1.50187E+18,,,,,,,,,,,,,,,,,,,,,770200,583156,,
1.50187E+18,,,,,,,,,,,,,,,,,,,,,1227858,670553,,
1.50187E+18,,,,,,,,,,,,,,,,,,,,,1273405,543279,,
1.50187E+18,,,,,,,,,,,,,,,,,,,,,851509,731468,,
1.50187E+18,,,,,,,,,,,,,,,,,,,,,590332,1216535,,
1.50187E+18,,,,,,,,,,,,,,,,,,,,,1014377,434689,,
1.50187E+18,,,,,,,,,,,,,,,,,,,,,726299,1035732,,
1.50187E+18,,,,,,,,,,,,,,,,,,,,,,,0,0
1.50187E+18,,,,,,,,,,,,,,,,,,,,,,,6,5
1.50187E+18,,,,,,,,,,,,,,,,,,,,,,,1070297,789320
1.50187E+18,,,,,,,,,,,,,,,,,,,,,,,976428,870638
1.50187E+18,,,,,,,,,,,,,,,,,,,,,,,1012333,1376186
1.50187E+18,,,,,,,,,,,,,,,,,,,,,,,895619,1066123
1.50187E+18,,,,,,,,,,,,,,,,,,,,,,,1284565,1062318
1.50187E+18,,,,,,,,,,,,,,,,,,,,,,,926422,863323
1.50187E+18,,,,,,,,,,,,,,,,,,,,,,,545964,631007
1.50187E+18,,,,,,,,,,,,,,,,,,,,,,,1188050,1012746
1.50187E+18,,,,,,,,,,,,,,,,,,,,,,,1,1018310
1.50187E+18,,,,,,,,,,,,,,,,,,,,,,,1,1102742
1.50187E+18,,,,,,,,,,,,,,,,,,,,,,,1,1034923
1.50187E+18,,,,,,,,,,,,,,,,,,,,,,,1,1139374
1.50187E+18,,,,,,,,,,,,,,,,,,,,,,,0,0
1.50187E+18,,,,,,,,,,,,,,,,,,,,,,,923989,1380033
1.50187E+18,,,,,,,,,,,,,,,,,,,,,,,1086189,1100610
1.50187E+18,,,,,,,,,,,,,,,,,,,,,,,599541,521785
1.50187E+18,,,,,,,,,,,,,,,,,,,,,,,759920,1035022
1.50187E+18,,,,,,,,,,,,,,,,,,,,,,,373639,917912
1.50187E+18,,,,,,,,,,,,,,,,,,,,,,,618870,449904
1.50187E+18,,,,,,,,,,,,,,,,,,,,,,,1023510,452987
1.50187E+18,,,,,,,,,,,,,,,,,,,,,,,1126615,378335
1.50187E+18,,,,,,,,,,,,,,,,,,,,,,,1005644,708414
1.50187E+18,,,,,,,,,,,,,,,,,,,,,,,1313974,464018
1.50187E+18,,,,,,,,,,,,,,,,,,,,,,,782444,562426
1.50187E+18,,,,,,,,,,,,,,,,,,,,,,,1220606,347783
1.50187E+18,,,,,,,,,,,,,,,,,,,,,,,1256807,474398
1.50187E+18,,,,,,,,,,,,,,,,,,,,,,,795088,498547
1.50187E+18,,,,,,,,,,,,,,,,,,,,,,,1046423,889812
1.50187E+18,,,,,,,,,,,,,,,,,,,,,,,1551600,1100434
1.50187E+18,,,,,,,,,,,,,,,,,,,,,,,1056333,687213
1.50187E+18,,,,,,,,,,,,,,,,,,,,,,,587237,789772
1.50187E+18,,,,,,,,,,,,,,,,,,,,,,,440223,745929
1.50187E+18,,,,,,,,,,,,,0,0,,,,,,,,,,
1.50187E+18,,,,,,,,,,,,,6,4,,,,,,,,,,
1.50187E+18,,,,,,,,,,,,,0,0,,,,,,,,,,
1.50187E+18,,,,,,,,,,,,,0,0,,,,,,,,,,
1.50187E+18,,,,,,,,,,,,,0,0,,,,,,,,,,
1.50187E+18,,,,,,,,,,,,,0,0,,,,,,,,,,
1.50187E+18,,,,,,,,,,,,,2154190,1008619,,,,,,,,,,
1.50187E+18,,,,,,,,,,,,,2459883,938276,,,,,,,,,,
1.50187E+18,,,,,,,,,,,,,2246714,992788,,,,,,,,,,
1.50187E+18,,,,,,,,,,,,,1458002,752798,,,,,,,,,,
1.50187E+18,,,,,,,,,,,,,1165858,917543,,,,,,,,,,
1.50187E+18,,,,,,,,,,,,,795612,770519,,,,,,,,,,
1.50187E+18,,,,,,,,,,,,,595854,615285,,,,,,,,,,
1.50187E+18,,,,,,,,,,,,,954305,989729,,,,,,,,,,
1.50187E+18,,,,,,,,,,,,,633803,792799,,,,,,,,,,
1.50187E+18,,,,,,,,,,,,,588116,768002,,,,,,,,,,
1.50187E+18,,,,,,,,,,,,,667557,1223263,,,,,,,,,,
1.50187E+18,,,,,,,,,,,,,542610,1266198,,,,,,,,,,
1.50187E+18,,,,,,,,,,,,,351403,1234437,,,,,,,,,,
1.50187E+18,,,,,,,,,,,,,469334,1248004,,,,,,,,,,
1.50187E+18,,,,,,,,,,,,,489173,781040,,,,,,,,,,
1.50187E+18,,,,,,,,,,,,,868196,1036251,,,,,,,,,,
1.50187E+18,,,,,,,,,,,,,0,0,,,,,,,,,,
1.50187E+18,,,,,,,,,,,,,0,0,,,,,,,,,,
1.50187E+18,,,,,,,,,,,,,0,0,,,,,,,,,,
1.50187E+18,,,,,,,,,,,,,0,0,,,,,,,,,,
1.50187E+18,,,,,,,,,,,,,0,0,,,,,,,,,,
1.50187E+18,,,,,,,,,,,,,0,0,,,,,,,,,,
1.50187E+18,,,,,,,,,,,,,0,0,,,,,,,,,,
1.50187E+18,,,,,,,,,,,,,0,0,,,,,,,,,,
1.50187E+18,,,,,,,,,,,,,0,0,,,,,,,,,,
1.50187E+18,,,,,,,,,,,,,0,0,,,,,,,,,,
1.50187E+18,,,,,,,,,,,,,7892704,8127036,,,,,,,,,,
1.50187E+18,,,,,,,,,,,,,7442902,8313068,,,,,,,,,,
1.50187E+18,,,,,,,,,,,,,,,,,0,0,,,,,,
1.50187E+18,,,,,,,,,,,,,,,,,7,5,,,,,,
1.50187E+18,,,,,,,,,,,,,,,,,1072476,653439,,,,,,
1.50187E+18,,,,,,,,,,,,,,,,,1006381,617384,,,,,,
1.50187E+18,,,,,,,,,,,,,,,,,877198,1240580,,,,,,
1.50187E+18,,,,,,,,,,,,,,,,,1109903,920136,,,,,,
1.50187E+18,,,,,,,,,,,,,,,,,670947,841340,,,,,,
1.50187E+18,,,,,,,,,,,,,,,,,867856,1061494,,,,,,
1.50187E+18,,,,,,,,,,,,,,,,,1177033,1066446,,,,,,
1.50187E+18,,,,,,,,,,,,,,,,,389345,1452640,,,,,,
1.50187E+18,,,,,,,,,,,,,,,,,7502848,705088,,,,,,
1.50187E+18,,,,,,,,,,,,,,,,,7108951,587015,,,,,,
1.50187E+18,,,,,,,,,,,,,,,,,1,1259396,,,,,,
1.50187E+18,,,,,,,,,,,,,,,,,1,1042582,,,,,,
1.50187E+18,,,,,,,,,,,,,,,,,767607,916495,,,,,,
1.50187E+18,,,,,,,,,,,,,,,,,917504,717145,,,,,,
1.50187E+18,,,,,,,,,,,,,,,,,1008871,610432,,,,,,
1.50187E+18,,,,,,,,,,,,,,,,,739888,831376,,,,,,
1.50187E+18,,,,,,,,,,,,,,,,,995599,1959113,,,,,,
1.50187E+18,,,,,,,,,,,,,,,,,1198955,1415802,,,,,,
1.50187E+18,,,,,,,,,,,,,,,,,745681,1316494,,,,,,
1.50187E+18,,,,,,,,,,,,,,,,,938215,1384427,,,,,,
1.50187E+18,,,,,,,,,,,,,,,,,578547,1395349,,,,,,
1.50187E+18,,,,,,,,,,,,,,,,,776711,901738,,,,,,
1.50187E+18,,,,,,,,,,,,,,,,,968164,1524066,,,,,,
1.50187E+18,,,,,,,,,,,,,,,,,746114,936742,,,,,,
1.50187E+18,,,,,,,,,,,,,,,,,1009038,2154247,,,,,,
1.50187E+18,,,,,,,,,,,,,,,,,938417,2460968,,,,,,
1.50187E+18,,,,,,,,,,,,,,,,,992629,2246187,,,,,,
1.50187E+18,,,,,,,,,,,,,,,,,752276,1457840,,,,,,
1.50187E+18,,,,,,,,,,,,,,,,,1112714,1090814,,,,,,
1.50187E+18,,,,,,,,,,,,,,,,,1126406,1761540,,,,,,
1.50187E+18,,,,,,,,,,,,,,,,,971705,1656150,,,,,,
1.50187E+18,,,,,,,,,,,,,,,,,671467,1554481,,,,,,
1.50187E+18,,,,,,,,,,,0,0,,,,,,,,,,,,
1.50187E+18,,,,,,,,,,,6,6,,,,,,,,,,,,
1.50187E+18,,,,,,,,,,,0,0,,,,,,,,,,,,
1.50187E+18,,,,,,,,,,,0,0,,,,,,,,,,,,
1.50187E+18,,,,,,,,,,,0,0,,,,,,,,,,,,
1.50187E+18,,,,,,,,,,,0,0,,,,,,,,,,,,
1.50187E+18,,,,,,,,,,,1396089,580248,,,,,,,,,,,,
1.50187E+18,,,,,,,,,,,902123,775535,,,,,,,,,,,,
1.50187E+18,,,,,,,,,,,1527632,970583,,,,,,,,,,,,
1.50187E+18,,,,,,,,,,,934612,747383,,,,,,,,,,,,
1.50187E+18,,,,,,,,,,,521305,1238479,,,,,,,,,,,,
1.50187E+18,,,,,,,,,,,843548,768483,,,,,,,,,,,,
1.50187E+18,,,,,,,,,,,636201,1272475,,,,,,,,,,,,
1.50187E+18,,,,,,,,,,,670199,1062488,,,,,,,,,,,,
1.50187E+18,,,,,,,,,,,671540,1138563,,,,,,,,,,,,
1.50187E+18,,,,,,,,,,,653544,935353,,,,,,,,,,,,
1.50187E+18,,,,,,,,,,,764692,842504,,,,,,,,,,,,
1.50187E+18,,,,,,,,,,,832618,1114418,,,,,,,,,,,,
1.50187E+18,,,,,,,,,,,375185,1121651,,,,,,,,,,,,
1.50187E+18,,,,,,,,,,,698228,1008677,,,,,,,,,,,,
1.50187E+18,,,,,,,,,,,456433,1291432,,,,,,,,,,,,
1.50187E+18,,,,,,,,,,,566391,765080,,,,,,,,,,,,
1.50187E+18,,,,,,,,,0,0,0,0,,,,,,,,,,,,
1.50187E+18,,,,,,,,,6,4,0,0,,,,,,,,,,,,
1.50187E+18,,,,,,,,,,,0,0,,,,,,,,,,,,
1.50187E+18,,,,,,,,,0,0,,,,,,,,,,,,,,
1.50187E+18,,,,,,,,,,,0,0,,,,,,,,,,,,
1.50187E+18,,,,,,,,,0,0,,,,,,,,,,,,,,
1.50187E+18,,,,,,,,,,,0,0,,,,,,,,,,,,
1.50187E+18,,,,,,,,,0,0,0,0,,,,,,,,,,,,
1.50187E+18,,,,,,,,,0,0,,,,,,,,,,,,,,
1.50187E+18,,,,,,,,,,,0,0,,,,,,,,,,,,
1.50187E+18,,,,,,,,,1958443,998244,0,0,,,,,,,,,,,,
1.50187E+18,,,,,,,,,1414146,1201916,0,0,,,,,,,,,,,,
1.50187E+18,,,,,,,,,1319025,745164,,,,,,,,,,,,,,
1.50187E+18,,,,,,,,,,,0,0,,,,,,,,,,,,
1.50187E+18,,,,,,,,,1388527,941778,7875585,6346377,,,,,,,,,,,,
1.50187E+18,,,,,,,,,531569,805563,,,,,,,,,,,,,,
1.50187E+18,,,,,,,,,,,7742915,6094252,,,,,,,,,,,,
1.50187E+18,,,,,,,,,779756,790370,,,,,,,,,,,,,,
1.50187E+18,,,,,,,,,710051,1125463,,,,,,,,,,,,,,
1.50187E+18,,,,,,,,,689709,720512,,,,,,,,,,,,,,
1.50187E+18,,,,,,,,,861384,1321248,,,,,,,,,,,,,,
1.50187E+18,,,,,,,,,718980,1242076,,,,,,,,,,,,,,
1.50187E+18,,,,,,,,,798940,1224168,,,,,,,,,,,,,,
1.50187E+18,,,,,,,,,462265,1180200,,,,,,,,,,,,,,
1.50187E+18,,,,,,,,,1033835,751335,,,,,,,,,,,,,,
1.50187E+18,,,,,,,,,904099,369006,,,,,,,,,,,,,,
1.50187E+18,,,,,,,,,446494,607099,,,,,,,,,,,,,,
1.50187E+18,,,,,,,,,449698,1012216,,,,,,,,,,,,,,
1.50187E+18,,,,,,,,,0,0,,,,,,,,,,,,,,
1.50187E+18,,,,,,,,,0,0,,,,,,,,,,,,,,
1.50187E+18,,,,,,,,,0,0,,,,,,,,,,,,,,
1.50187E+18,,,,,,,,,0,0,,,,,,,,,,,,,,
1.50187E+18,,,,,,,,,0,0,,,,,,,,,,,,,,
1.50187E+18,,,,,,,,,0,0,,,,,,,,,,,,,,
1.50187E+18,,,,,,,,,0,0,,,,,,,,,,,,,,
1.50187E+18,,,,,,,,,0,0,,,,,,,,,,,,,,
1.50187E+18,,,,,,,,,0,0,,,,,,,,,,,,,,
1.50187E+18,,,,,,,,,0,0,,,,,,,,,,,,,,
1.50187E+18,,,,,,,,,7371239,7478213,,,,,,,,,,,,,,
1.50187E+18,,,,,,,,,7653003,6979107,,,,,,,,,,,,,,
1.50187E+18,,,,,0,0,,,,,,,,,,,,,,,,,,
1.50187E+18,,,,,6,4,,,,,,,,,,,,,,,,,,
1.50187E+18,,,,,3460710,4227476,,,,,,,,,,,,,,,,,,
1.50187E+18,,,,,2842343,3082406,,,,,,,,,,,,,,,,,,
1.50187E+18,,,,,0,0,,,,,,,,,,,,,,,,,,
1.50187E+18,,,,,0,0,,,,,,,,,,,,,,,,,,
1.50187E+18,,,,,701788,7500232,,,,,,,,,,,,,,,,,,
1.50187E+18,,,,,586826,7114377,,,,,,,,,,,,,,,,,,
1.50187E+18,,,,,1252768,1,,,,,,,,,,,,,,,,,,
1.50187E+18,,,,,1046366,1,,,,,,,,,,,,,,,,,,
1.50187E+18,,,,,925337,0,,,,,,,,,,,,,,,,,,
1.50187E+18,,,,,1074654,0,,,,,,,,,,,,,,,,,,
1.50187E+18,,,,,887880,1,,,,,,,,,,,,,,,,,,
1.50187E+18,,,,,836402,1,,,,,,,,,,,,,,,,,,
1.50187E+18,,,,,882303,1,,,,,,,,,,,,,,,,,,
1.50187E+18,,,,,1074648,1,,,,,,,,,,,,,,,,,,
1.50187E+18,,,,,914334,1,,,,,,,,,,,,,,,,,,
1.50187E+18,,,,,1079509,1,,,,,,,,,,,,,,,,,,
1.50187E+18,,,,,1018662,1,,,,,,,,,,,,,,,,,,
1.50187E+18,,,,,1097760,0,,,,,,,,,,,,,,,,,,
1.50187E+18,,,,,1013901,0,,,,,,,,,,,,,,,,,,
1.50187E+18,,,,,1132596,1,,,,,,,,,,,,,,,,,,
1.50187E+18,,,,,0,0,,,,,,,,,,,,,,,,,,
1.50187E+18,,,,,0,0,,,,,,,,,,,,,,,,,,
1.50187E+18,,,,,0,0,,,,,,,,,,,,,,,,,,
1.50187E+18,,,,,0,0,,,,,,,,,,,,,,,,,,
1.50187E+18,,,,,0,0,,,,,,,,,,,,,,,,,,
1.50187E+18,,,,,0,0,,,,,,,,,,,,,,,,,,
1.50187E+18,,,,,0,0,,,,,,,,,,,,,,,,,,
1.50187E+18,,,,,0,0,,,,,,,,,,,,,,,,,,
1.50187E+18,,,,,0,0,,,,,,,,,,,,,,,,,,
1.50187E+18,,,,,0,0,,,,,,,,,,,,,,,,,,
1.50187E+18,,,,,8311094,8215878,,,,,,,,,,,,,,,,,,
1.50187E+18,,,,,0,0,,,,,,,,,,,,,,,,,,
1.50187E+18,0,0,,,,,,,,,,,,,,,,,,,,,,
1.50187E+18,9,13,,,,,,,,,,,,,,,,,,,,,,
1.50187E+18,4015485,3049375,,,,,,,,,,,,,,,,,,,,,,
1.50187E+18,3487301,3931467,,,,,,,,,,,,,,,,,,,,,,
1.50187E+18,0,0,,,,,,,,,,,,,,,,,,,,,,
1.50187E+18,0,0,,,,,,,,,,,,,,,,,,,,,,
1.50187E+18,649724,1073896,,,,,,,,,,,,,,,,,,,,,,
1.50187E+18,614085,1004491,,,,,,,,,,,,,,,,,,,,,,
1.50187E+18,1240032,873295,,,,,,,,,,,,,,,,,,,,,,
1.50187E+18,914498,1110456,,,,,,,,,,,,,,,,,,,,,,
1.50187E+18,593653,1026579,,,,,,,,,,,,,,,,,,,,,,
1.50187E+18,282705,740481,,,,,,,,,,,,,,,,,,,,,,
1.50187E+18,1380107,747747,,,,,,,,,,,,,,,,,,,,,,
1.50187E+18,614089,1546792,,,,,,,,,,,,,,,,,,,,,,
1.50187E+18,926862,1200758,,,,,,,,,,,,,,,,,,,,,,
1.50187E+18,1085308,960699,,,,,,,,,,,,,,,,,,,,,,
1.50187E+18,1265648,941683,,,,,,,,,,,,,,,,,,,,,,
1.50187E+18,1372034,761834,,,,,,,,,,,,,,,,,,,,,,
1.50187E+18,788547,1068533,,,,,,,,,,,,,,,,,,,,,,
1.50187E+18,854468,955697,,,,,,,,,,,,,,,,,,,,,,
1.50187E+18,1366702,1002315,,,,,,,,,,,,,,,,,,,,,,
1.50187E+18,1062804,881877,,,,,,,,,,,,,,,,,,,,,,
1.50187E+18,0,0,,,,,,,,,,,,,,,,,,,,,,
1.50187E+18,0,0,,,,,,,,,,,,,,,,,,,,,,
1.50187E+18,0,0,,,,,,,,,,,,,,,,,,,,,,
1.50187E+18,0,0,,,,,,,,,,,,,,,,,,,,,,
1.50187E+18,0,0,,,,,,,,,,,,,,,,,,,,,,
1.50187E+18,0,0,,,,,,,,,,,,,,,,,,,,,,
1.50187E+18,0,0,,,,,,,,,,,,,,,,,,,,,,
1.50187E+18,0,0,,,,,,,,,,,,,,,,,,,,,,
1.50187E+18,0,0,,,,,,,,,,,,,,,,,,,,,,
1.50187E+18,0,0,,,,,,,,,,,,,,,,,,,,,,
1.50187E+18,8393784,8028398,,,,,,,,,,,,,,,,,,,,,,
1.50187E+18,0,0,,,,,,,,,,,,,,,,,,,,,,
1.50187E+18,,,,,,,,,,,,,,,0,0,,,,,,,,
1.50187E+18,,,,,,,,,,,,,,,6,4,,,,,,,,
1.50187E+18,,,,,,,,,,,,,,,0,0,,,,,,,,
1.50187E+18,,,,,,,,,,,,,,,0,0,,,,,,,,
1.50187E+18,,,,,,,,,,,,,,,0,0,,,,,,,,
1.50187E+18,,,,,,,,,,,,,,,0,0,,,,,,,,
1.50187E+18,,,,,,,,,,,,,,,1084894,1127218,,,,,,,,
1.50187E+18,,,,,,,,,,,,,,,1782340,1157117,,,,,,,,
1.50187E+18,,,,,,,,,,,,,,,1644947,994400,,,,,,,,
1.50187E+18,,,,,,,,,,,,,,,1576442,673502,,,,,,,,
1.50187E+18,,,,,,,,,,,,,,,837219,547493,,,,,,,,
1.50187E+18,,,,,,,,,,,,,,,489580,669958,,,,,,,,
1.50187E+18,,,,,,,,,,,,,,,764000,1123184,,,,,,,,
1.50187E+18,,,,,,,,,,,,,,,813683,1127761,,,,,,,,
1.50187E+18,,,,,,,,,,,,,,,723453,863182,,,,,,,,
1.50187E+18,,,,,,,,,,,,,,,1245152,601626,,,,,,,,
1.50187E+18,,,,,,,,,,,,,,,445546,1021431,,,,,,,,
1.50187E+18,,,,,,,,,,,,,,,1053094,743599,,,,,,,,
1.50187E+18,,,,,,,,,,,,,,,1107817,1565303,,,,,,,,
1.50187E+18,,,,,,,,,,,,,,,690114,1068469,,,,,,,,
1.50187E+18,,,,,,,,,,,,,,,,,,,0,0,,,,
1.50187E+18,,,,,,,,,,,,,,,790450,594103,,,,,,,,
1.50187E+18,,,,,,,,,,,,,,,,,,,7,6,,,,
1.50187E+18,,,,,,,,,,,,,,,752080,441066,,,,,,,,
1.50187E+18,,,,,,,,,,,,,,,,,,,983407,567104,,,,
1.50187E+18,,,,,,,,,,,,,,,0,0,,,,,,,,
1.50187E+18,,,,,,,,,,,,,,,,,,,694855,264323,,,,
1.50187E+18,,,,,,,,,,,,,,,0,0,,,,,,,,
1.50187E+18,,,,,,,,,,,,,,,0,0,,,704157,1300450,,,,
1.50187E+18,,,,,,,,,,,,,,,,,,,1456137,574360,,,,
1.50187E+18,,,,,,,,,,,,,,,0,0,,,,,,,,
1.50187E+18,,,,,,,,,,,,,,,0,0,,,891190,729286,,,,
1.50187E+18,,,,,,,,,,,,,,,0,0,,,1212342,983331,,,,
1.50187E+18,,,,,,,,,,,,,,,,,,,791084,1055950,,,,
1.50187E+18,,,,,,,,,,,,,,,339,2860,,,,,,,,
1.50187E+18,,,,,,,,,,,,,,,0,0,,,1262865,929884,,,,
1.50187E+18,,,,,,,,,,,,,,,0,0,,,1,869003,,,,
1.50187E+18,,,,,,,,,,,,,,,0,0,,,1,1018591,,,,
1.50187E+18,,,,,,,,,,,,,,,6543880,8127404,,,1,834693,,,,
1.50187E+18,,,,,,,,,,,,,,,7765707,7661520,,,1,787934,,,,
1.50187E+18,,,,,,,,,,,,,,,,,,,649692,1004827,,,,
1.50187E+18,,,,,,,,,,,,,,,,,,,955299,1289499,,,,
1.50187E+18,,,,,,,,,,,,,,,,,,,821620,776907,,,,
1.50187E+18,,,,,,,,,,,,,,,,,,,867817,905166,,,,
1.50187E+18,,,,,,,,,,,,,,,,,,,759307,503076,,,,
1.50187E+18,,,,,,,,,,,,,,,,,,,739724,734373,,,,
1.50187E+18,,,,,,,,,,,,,,,,,,,1080647,684257,,,,
1.50187E+18,,,,,,,,,,,,,,,,,,,696239,659387,,,,
1.50187E+18,,,,,,,,,,,,,,,,,,,1185845,500013,,,,
1.50187E+18,,,,,,,,,,,,,,,,,,,738228,810012,,,,
1.50187E+18,,,,,,,,,,,,,,,,,,,1216874,608430,,,,
1.50187E+18,,,,,,,,,,,,,,,,,,,1017288,642483,,,,
1.50187E+18,,,,,,,,,,,,,,,,,,,870072,1118046,,,,
1.50187E+18,,,,,,,,,,,,,,,,,,,737419,757387,,,,
1.50187E+18,,,,,,,,,,,,,,,,,,,583597,573417,,,,
1.50187E+18,,,,,,,,,,,,,,,,,,,953546,909554,,,,
1.50187E+18,,,,,,,,,,,,,,,,,,,554121,846722,,,,
1.50187E+18,,,,,,,,,,,,,,,,,,,678046,495662,,,,
1.50187E+18,,,,,,,,,,,,,,,,,,,1135727,772472,,,,
1.50187E+18,,,,,,,,,,,,,,,,,,,1140136,822882,,,,
